create table user (
    id bigint generated by default as identity unique,
    username varchar(255) unique,
    password varchar(255) not null,
    primary key (id)
);

insert into user (id, username, password) values (1, 'aacs', 'aacs');
insert into user (id, username, password) values (2, 'admin', 'admin');

create table article (
    id bigint generated by default as identity unique,
    code varchar(255) not null,
    name varchar(255) not null,
    price bigint not null,
    icon varchar(255) not null,
    unit varchar(255) not null,
    description varchar(4000),
    active tinyint(1) not null default 1,
    primary key (id)
);

insert into article (id, code, name, price, unit, icon, description) values (1, '1234', 'Sör', 200, 'l', 'img/pizza-icon.png', 'Lorem ipsum dolor sit amet, consectetur adipiscing elit, sed do eiusmod tempor incididunt ut labore et dolore magna aliqua. Ut enim ad minim veniam, quis nostrud exercitation ullamco laboris nisi ut aliquip ex ea commodo consequat. Duis aute irure dolor in reprehenderit in voluptate velit esse cillum dolore eu fugiat nulla pariatur. Excepteur sint occaecat cupidatat non proident, sunt in culpa qui officia deserunt mollit anim id est laborum.');
insert into article (id, code, name, price, unit, icon, description) values (2, '234', 'Bor', 1500, 'dl', 'img/pizza-icon.png', 'Lorem ipsum dolor sit amet, consectetur adipiscing elit, sed do eiusmod tempor incididunt ut labore et dolore magna aliqua. Ut enim ad minim veniam, quis nostrud exercitation ullamco laboris nisi ut aliquip ex ea commodo consequat. Duis aute irure dolor in reprehenderit in voluptate velit esse cillum dolore eu fugiat nulla pariatur. Excepteur sint occaecat cupidatat non proident, sunt in culpa qui officia deserunt mollit anim id est laborum.');
insert into article (id, code, name, price, unit, icon, description) values (3, '34', 'Pálinka', 4000, 'ml', 'img/pizza-icon.png', 'Lorem ipsum dolor sit amet, consectetur adipiscing elit, sed do eiusmod tempor incididunt ut labore et dolore magna aliqua. Ut enim ad minim veniam, quis nostrud exercitation ullamco laboris nisi ut aliquip ex ea commodo consequat. Duis aute irure dolor in reprehenderit in voluptate velit esse cillum dolore eu fugiat nulla pariatur. Excepteur sint occaecat cupidatat non proident, sunt in culpa qui officia deserunt mollit anim id est laborum.');

create table customer (
    id bigint generated by default as identity unique,
    code varchar(255) not null unique,
    name varchar(255) not null unique,
    primary key (id)
);

insert into customer (id, code, name) values (1, '0001', 'Ács Ádám');
insert into customer (id, code, name) values (2, '0002', 'Szemők Balázs');

create table bill (
    id bigint generated by default as identity unique,
    customer_id bigint not null,
    openDate datetime not null,
    closeDate datetime default null,
    sum bigint,
    currency varchar(255) not null,
    primary key (id),
    FOREIGN KEY (customer_id) REFERENCES customer(id)
);

insert into bill (id, customer_id, openDate, closeDate, currency) values (1, 1, '2015-01-15 23:59:59', '2015-01-17 23:01:01', 'HUF');
insert into bill (id, customer_id, openDate, closeDate, currency) values (2, 2, '2015-01-15 23:59:59', null, 'GBP');
insert into bill (id, customer_id, openDate, closeDate, currency) values (3, 1, '2015-01-15 23:59:59', null, 'HUF');

create table item (
    id bigint generated by default as identity unique,
    bill_id bigint not null,
    article_id bigint not null,
    amount bigint not null,
    createDate datetime default now(),
    outDate datetime default null,
    primary key (id),
    FOREIGN KEY (bill_id) REFERENCES bill(id),
    FOREIGN KEY (article_id) REFERENCES article(id)
);

insert into item (id, bill_id, article_id, amount, outDate) values (1, 1, 1, 11, '2015-01-18 11:59:59');
insert into item (id, bill_id, article_id, amount, outDate) values (2, 1, 2, 12, null);
insert into item (id, bill_id, article_id, amount, outDate) values (3, 2, 1, 13, null);
insert into item (id, bill_id, article_id, amount, outDate) values (4, 2, 2, 14, null);
insert into item (id, bill_id, article_id, amount, outDate) values (5, 3, 2, 14, null);